[{"id":21392,"parent_id":0,"status":"partially-paid","currency":"USD","version":"9.1.4","prices_include_tax":false,"date_created":"2024-08-02T17:52:07","date_modified":"2024-08-02T17:52:13","discount_total":"0.00","discount_tax":"0.00","shipping_total":"0.00","shipping_tax":"0.00","cart_tax":"46.80","total":"306.80","total_tax":"46.80","customer_id":0,"order_key":"wc_order_OF2r91XKIz90f","billing":{"first_name":"Emilde","last_name":"Burgos","company":"","address_1":"Barrio Jaime Cabrera casa 11 tamboril Santiago","address_2":"","city":"Tamboril","state":"DO-25","postcode":"51000","country":"DO","email":"emildeburgos@gmail.com","phone":"+14015198132"},"shipping":{"first_name":"","last_name":"","company":"","address_1":"","address_2":"","city":"","state":"","postcode":"","country":"","phone":""},"payment_method":"","payment_method_title":"","transaction_id":"","customer_ip_address":"131.109.10.183","customer_user_agent":"Mozilla\/5.0 (iPhone; CPU iPhone OS 15_6 like Mac OS X) AppleWebKit\/605.1.15 (KHTML, like Gecko) Version\/15.6 Mobile\/15E148 Safari\/604.1","created_via":"checkout","customer_note":"","date_completed":null,"date_paid":"2024-08-02T17:52:13","cart_hash":"ecdd3edd97d585232485d5017958fbad","number":"74","meta_data":[{"id":40946,"key":"pixad_auto_location_pick","value":""},{"id":40947,"key":"pixad_auto_location_drop","value":""},{"id":40948,"key":"pixba_auto_discount","value":""},{"id":40980,"key":"is_vat_exempt","value":"no"},{"id":40981,"key":"_order_number","value":"74"},{"id":40982,"key":"_awcdp_deposits_payment_schedule","value":{"deposit":{"id":21393,"title":"Dep\u00f3sito","type":"deposit","total":26},"unlimited":{"id":21394,"title":"Pago por adelantado","type":"second_payment","total":210}}},{"id":40983,"key":"_awcdp_deposits_order_has_deposit","value":"yes"},{"id":40984,"key":"_awcdp_deposits_deposit_paid","value":"yes"},{"id":40985,"key":"_awcdp_deposits_second_payment_paid","value":"no"},{"id":40986,"key":"_awcdp_deposits_deposit_amount","value":"26"},{"id":40987,"key":"_awcdp_deposits_second_payment","value":"280.8"},{"id":40988,"key":"_awcdp_deposits_deposit_breakdown","value":{"cart_items":26,"fees":0,"taxes":0,"shipping":"0","shipping_taxes":0,"discounts":0}},{"id":40989,"key":"_awcdp_deposits_deposit_payment_time","value":"1722621133"},{"id":40990,"key":"_awcdp_deposits_second_payment_reminder_email_sent","value":"no"},{"id":40991,"key":"_thwcfe_ship_to_billing","value":"1"},{"id":40992,"key":"_thwcfe_disabled_fields","value":"additional_oficinadom,additional_puertosmaritimo,additional_hotelresort"},{"id":40993,"key":"additional_puntodeentrega","value":"Aeropuerto"},{"id":40994,"key":"additional_aeropuertosdom","value":"Aeropuerto del Cibao (STI)"},{"id":40995,"key":"additional_aerolinea","value":"JetBlue"},{"id":40996,"key":"additional_nodevuelo","value":"823"},{"id":40997,"key":"additional_fecha_llegada","value":"08\/08\/2024"},{"id":40998,"key":"additional_hora_de_llegada","value":"09:15"}],"line_items":[{"id":103,"name":"DETALLE DE LA RESERVACI\u00d3N","product_id":19229,"variation_id":0,"quantity":4,"tax_class":"","subtotal":"260.00","subtotal_tax":"46.80","total":"260.00","total_tax":"46.80","taxes":[{"id":1,"total":"46.8","subtotal":"46.8"}],"meta_data":[{"id":997,"key":"awcdp_deposit_meta","value":{"enable":true,"original_price":"50","tax_total":36,"tax":0,"deposit":26,"remaining":174,"total":200},"display_key":"awcdp_deposit_meta","display_value":{"enable":true,"original_price":"50","tax_total":36,"tax":0,"deposit":26,"remaining":174,"total":200}},{"id":998,"key":"<a href=\"https:\/\/www.dydrentacar.com\/autos\/toyota-highlander-2013\/\" class=\"booking-attr-cart\">Toyota Highlander 2013<\/a>","value":"20695","display_key":"Toyota Highlander 2013","display_value":"20695"},{"id":999,"key":"Start time","value":"08\/08\/2024","display_key":"Start time","display_value":"08\/08\/2024"},{"id":1000,"key":"Finish time","value":"12\/08\/2024","display_key":"Finish time","display_value":"12\/08\/2024"},{"id":1001,"key":"Cobertura Adicional","value":"Premium","display_key":"Cobertura Adicional","display_value":"Premium"}],"sku":"","price":65,"image":{"id":"","src":""},"parent_name":null}],"tax_lines":[{"id":104,"rate_code":"DO-ITBIS-1","rate_id":1,"label":"ITBIS","compound":false,"tax_total":"46.80","shipping_tax_total":"0.00","rate_percent":18,"meta_data":[]}],"shipping_lines":[],"fee_lines":[],"coupon_lines":[],"refunds":[],"payment_url":"https:\/\/www.dydrentacar.com\/facturacion\/order-pay\/21394\/?pay_for_order=true&key=wc_order_gZFxdClzlKg2y&payment=second_payment","is_editable":false,"needs_payment":true,"needs_processing":true,"date_created_gmt":"2024-08-02T21:52:07","date_modified_gmt":"2024-08-02T21:52:13","date_completed_gmt":null,"date_paid_gmt":"2024-08-02T21:52:13","additional":{"additional_puntodeentrega":"Aeropuerto","additional_aeropuertosdom":"Aeropuerto del Cibao (STI)","additional_oficinadom":"","additional_puertosmaritimo":"","additional_hotelresort":"","additional_aerolinea":"JetBlue","additional_nodevuelo":"823","additional_fecha_llegada":"08\/08\/2024","additional_hora_de_llegada":"09:15"},"currency_symbol":"$","_links":{"self":[{"href":"https:\/\/www.dydrentacar.com\/wp-json\/wc\/v3\/orders\/21392"}],"collection":[{"href":"https:\/\/www.dydrentacar.com\/wp-json\/wc\/v3\/orders"}]}},{"id":21378,"parent_id":0,"status":"partially-paid","currency":"USD","version":"9.1.2","prices_include_tax":false,"date_created":"2024-07-17T15:02:37","date_modified":"2024-07-17T15:02:44","discount_total":"0.00","discount_tax":"0.00","shipping_total":"0.00","shipping_tax":"0.00","cart_tax":"108.00","total":"708.00","total_tax":"108.00","customer_id":0,"order_key":"wc_order_bW5sxTcAzyeHJ","billing":{"first_name":"Raul","last_name":"Lartundo Garcia","company":"","address_1":"Rio Sindhu 862","address_2":"","city":"Garcia","state":"NL","postcode":"66023","country":"MX","email":"uziel.j.agustin@gmail.com","phone":"8119309892"},"shipping":{"first_name":"","last_name":"","company":"","address_1":"","address_2":"","city":"","state":"","postcode":"","country":"","phone":""},"payment_method":"","payment_method_title":"","transaction_id":"","customer_ip_address":"189.201.38.204","customer_user_agent":"Mozilla\/5.0 (Linux; Android 10; K) AppleWebKit\/537.36 (KHTML, like Gecko) Chrome\/126.0.0.0 Mobile Safari\/537.36","created_via":"checkout","customer_note":"","date_completed":null,"date_paid":"2024-07-17T15:02:44","cart_hash":"2f072887f094bbd0c654808a1d30d249","number":"71","meta_data":[{"id":40772,"key":"pixad_auto_location_pick","value":""},{"id":40773,"key":"pixad_auto_location_drop","value":""},{"id":40774,"key":"pixba_auto_discount","value":""},{"id":40806,"key":"is_vat_exempt","value":"no"},{"id":40807,"key":"_order_number","value":"71"},{"id":40808,"key":"_awcdp_deposits_payment_schedule","value":{"deposit":{"id":21379,"title":"Dep\u00f3sito","type":"deposit","total":52},"unlimited":{"id":21380,"title":"Pago por adelantado","type":"second_payment","total":420}}},{"id":40809,"key":"_awcdp_deposits_order_has_deposit","value":"yes"},{"id":40810,"key":"_awcdp_deposits_deposit_paid","value":"yes"},{"id":40811,"key":"_awcdp_deposits_second_payment_paid","value":"no"},{"id":40812,"key":"_awcdp_deposits_deposit_amount","value":"52"},{"id":40813,"key":"_awcdp_deposits_second_payment","value":"656"},{"id":40814,"key":"_awcdp_deposits_deposit_breakdown","value":{"cart_items":52,"fees":0,"taxes":0,"shipping":"0","shipping_taxes":0,"discounts":0}},{"id":40815,"key":"_awcdp_deposits_deposit_payment_time","value":"1721228565"},{"id":40816,"key":"_awcdp_deposits_second_payment_reminder_email_sent","value":"no"},{"id":40817,"key":"_thwcfe_ship_to_billing","value":"1"},{"id":40818,"key":"_thwcfe_disabled_fields","value":"additional_oficinadom,additional_puertosmaritimo,additional_hotelresort"},{"id":40819,"key":"additional_puntodeentrega","value":"Aeropuerto"},{"id":40820,"key":"additional_aeropuertosdom","value":"Aeropuerto Las Am\u00e9ricas (SDQ)"},{"id":40821,"key":"additional_fecha_llegada","value":"27\/07\/2024"},{"id":40822,"key":"additional_hora_de_llegada","value":"06:00"}],"line_items":[{"id":99,"name":"DETALLE DE LA RESERVACI\u00d3N","product_id":19229,"variation_id":0,"quantity":8,"tax_class":"","subtotal":"600.00","subtotal_tax":"108.00","total":"600.00","total_tax":"108.00","taxes":[{"id":1,"total":"108","subtotal":"108"}],"meta_data":[{"id":963,"key":"awcdp_deposit_meta","value":{"enable":true,"original_price":"50","tax_total":72,"tax":0,"deposit":52,"remaining":348,"total":400},"display_key":"awcdp_deposit_meta","display_value":{"enable":true,"original_price":"50","tax_total":72,"tax":0,"deposit":52,"remaining":348,"total":400}},{"id":964,"key":"<a href=\"https:\/\/www.dydrentacar.com\/autos\/toyota-highlander-2013\/\" class=\"booking-attr-cart\">Toyota Highlander 2013<\/a>","value":"20695","display_key":"Toyota Highlander 2013","display_value":"20695"},{"id":965,"key":"Start time","value":"19\/07\/2024","display_key":"Start time","display_value":"19\/07\/2024"},{"id":966,"key":"Finish time","value":"27\/07\/2024","display_key":"Finish time","display_value":"27\/07\/2024"},{"id":967,"key":"Cobertura Adicional","value":"Premium","display_key":"Cobertura Adicional","display_value":"Premium"},{"id":968,"key":"Cobertura Adicional","value":"Neum\u00e1ticos ","display_key":"Cobertura Adicional","display_value":"Neum\u00e1ticos"},{"id":969,"key":"Cobertura Adicional","value":"Cristal Delantero","display_key":"Cobertura Adicional","display_value":"Cristal Delantero"}],"sku":"","price":75,"image":{"id":"","src":""},"parent_name":null}],"tax_lines":[{"id":100,"rate_code":"DO-ITBIS-1","rate_id":1,"label":"ITBIS","compound":false,"tax_total":"108.00","shipping_tax_total":"0.00","rate_percent":18,"meta_data":[]}],"shipping_lines":[],"fee_lines":[],"coupon_lines":[],"refunds":[],"payment_url":"https:\/\/www.dydrentacar.com\/facturacion\/order-pay\/21380\/?pay_for_order=true&key=wc_order_IvVVN7kHEZwME&payment=second_payment","is_editable":false,"needs_payment":true,"needs_processing":true,"date_created_gmt":"2024-07-17T19:02:37","date_modified_gmt":"2024-07-17T19:02:44","date_completed_gmt":null,"date_paid_gmt":"2024-07-17T19:02:44","additional":{"additional_puntodeentrega":"Aeropuerto","additional_aeropuertosdom":"Aeropuerto Las Am\u00e9ricas (SDQ)","additional_oficinadom":"","additional_puertosmaritimo":"","additional_hotelresort":"","additional_aerolinea":"","additional_nodevuelo":"","additional_fecha_llegada":"27\/07\/2024","additional_hora_de_llegada":"06:00"},"currency_symbol":"$","_links":{"self":[{"href":"https:\/\/www.dydrentacar.com\/wp-json\/wc\/v3\/orders\/21378"}],"collection":[{"href":"https:\/\/www.dydrentacar.com\/wp-json\/wc\/v3\/orders"}]}},{"id":21373,"parent_id":0,"status":"partially-paid","currency":"USD","version":"9.0.2","prices_include_tax":false,"date_created":"2024-07-05T21:32:23","date_modified":"2024-07-05T21:32:30","discount_total":"0.00","discount_tax":"0.00","shipping_total":"0.00","shipping_tax":"0.00","cart_tax":"56.70","total":"371.70","total_tax":"56.70","customer_id":0,"order_key":"wc_order_sPtzzFLDE0SEL","billing":{"first_name":"Ismael","last_name":"Colon Dominguez","company":"","address_1":"112 Bayvista Dr #104","address_2":"","city":"Beaufort","state":"SC","postcode":"29902","country":"US","email":"ismael.colon1997@gmail.com","phone":"3479128781"},"shipping":{"first_name":"","last_name":"","company":"","address_1":"","address_2":"","city":"","state":"","postcode":"","country":"","phone":""},"payment_method":"","payment_method_title":"","transaction_id":"","customer_ip_address":"200.215.234.18","customer_user_agent":"Mozilla\/5.0 (iPhone; CPU iPhone OS 17_5_1 like Mac OS X) AppleWebKit\/605.1.15 (KHTML, like Gecko) Version\/17.5 Mobile\/15E148 Safari\/604.1","created_via":"checkout","customer_note":"Can the vehicle be delivered to a residential in Las Dianas ? If not I\u2019ll pick it up from the agency .","date_completed":null,"date_paid":"2024-07-05T21:32:30","cart_hash":"7e2df7c4f9f941fc2b1ec61e8afe28ba","number":"68","meta_data":[{"id":40624,"key":"pixad_auto_location_pick","value":""},{"id":40625,"key":"pixad_auto_location_drop","value":""},{"id":40626,"key":"pixba_auto_discount","value":""},{"id":40658,"key":"is_vat_exempt","value":"no"},{"id":40659,"key":"_order_number","value":"68"},{"id":40660,"key":"_awcdp_deposits_payment_schedule","value":{"deposit":{"id":21374,"title":"Dep\u00f3sito","type":"deposit","total":35.10000000000000142108547152020037174224853515625},"unlimited":{"id":21375,"title":"Pago por adelantado","type":"second_payment","total":283.5}}},{"id":40661,"key":"_awcdp_deposits_order_has_deposit","value":"yes"},{"id":40662,"key":"_awcdp_deposits_deposit_paid","value":"yes"},{"id":40663,"key":"_awcdp_deposits_second_payment_paid","value":"no"},{"id":40664,"key":"_awcdp_deposits_deposit_amount","value":"35.1"},{"id":40665,"key":"_awcdp_deposits_second_payment","value":"336.6"},{"id":40666,"key":"_awcdp_deposits_deposit_breakdown","value":{"cart_items":35.10000000000000142108547152020037174224853515625,"fees":0,"taxes":0,"shipping":"0","shipping_taxes":0,"discounts":0}},{"id":40667,"key":"_awcdp_deposits_deposit_payment_time","value":"1720215150"},{"id":40668,"key":"_awcdp_deposits_second_payment_reminder_email_sent","value":"no"},{"id":40669,"key":"_thwcfe_ship_to_billing","value":"1"},{"id":40670,"key":"_thwcfe_disabled_fields","value":"additional_oficinadom,additional_puertosmaritimo,additional_hotelresort"},{"id":40671,"key":"additional_puntodeentrega","value":"Aeropuerto"},{"id":40672,"key":"additional_fecha_llegada","value":"08\/07\/2024"},{"id":40673,"key":"additional_hora_de_llegada","value":"12:00"}],"line_items":[{"id":95,"name":"DETALLE DE LA RESERVACI\u00d3N","product_id":19229,"variation_id":0,"quantity":3,"tax_class":"","subtotal":"315.00","subtotal_tax":"56.70","total":"315.00","total_tax":"56.70","taxes":[{"id":1,"total":"56.7","subtotal":"56.7"}],"meta_data":[{"id":930,"key":"awcdp_deposit_meta","value":{"enable":true,"original_price":"50","tax_total":48.60000000000000142108547152020037174224853515625,"tax":0,"deposit":35.10000000000000142108547152020037174224853515625,"remaining":234.900000000000005684341886080801486968994140625,"total":270},"display_key":"awcdp_deposit_meta","display_value":{"enable":true,"original_price":"50","tax_total":48.60000000000000142108547152020037174224853515625,"tax":0,"deposit":35.10000000000000142108547152020037174224853515625,"remaining":234.900000000000005684341886080801486968994140625,"total":270}},{"id":931,"key":"<a href=\"https:\/\/www.dydrentacar.com\/autos\/toyota-fortuner-2018\/\" class=\"booking-attr-cart\">Toyota Fortuner 2018<\/a>","value":"20911","display_key":"Toyota Fortuner 2018","display_value":"20911"},{"id":932,"key":"Start time","value":"08\/07\/2024","display_key":"Start time","display_value":"08\/07\/2024"},{"id":933,"key":"Finish time","value":"11\/07\/2024","display_key":"Finish time","display_value":"11\/07\/2024"},{"id":934,"key":"Cobertura Adicional","value":"Premium","display_key":"Cobertura Adicional","display_value":"Premium"},{"id":935,"key":"Cobertura Adicional","value":"Silla para Ni\u00f1o *","display_key":"Cobertura Adicional","display_value":"Silla para Ni\u00f1o *"}],"sku":"","price":105,"image":{"id":"","src":""},"parent_name":null}],"tax_lines":[{"id":96,"rate_code":"DO-ITBIS-1","rate_id":1,"label":"ITBIS","compound":false,"tax_total":"56.70","shipping_tax_total":"0.00","rate_percent":18,"meta_data":[]}],"shipping_lines":[],"fee_lines":[],"coupon_lines":[],"refunds":[],"payment_url":"https:\/\/www.dydrentacar.com\/facturacion\/order-pay\/21375\/?pay_for_order=true&key=wc_order_QXFogdrO1DYiA&payment=second_payment","is_editable":false,"needs_payment":true,"needs_processing":true,"date_created_gmt":"2024-07-06T01:32:23","date_modified_gmt":"2024-07-06T01:32:30","date_completed_gmt":null,"date_paid_gmt":"2024-07-06T01:32:30","additional":{"additional_puntodeentrega":"Aeropuerto","additional_aeropuertosdom":"","additional_oficinadom":"","additional_puertosmaritimo":"","additional_hotelresort":"","additional_aerolinea":"","additional_nodevuelo":"","additional_fecha_llegada":"08\/07\/2024","additional_hora_de_llegada":"12:00"},"currency_symbol":"$","_links":{"self":[{"href":"https:\/\/www.dydrentacar.com\/wp-json\/wc\/v3\/orders\/21373"}],"collection":[{"href":"https:\/\/www.dydrentacar.com\/wp-json\/wc\/v3\/orders"}]}},{"id":21366,"parent_id":0,"status":"partially-paid","currency":"USD","version":"9.0.1","prices_include_tax":false,"date_created":"2024-06-23T16:39:55","date_modified":"2024-06-23T16:39:59","discount_total":"0.00","discount_tax":"0.00","shipping_total":"0.00","shipping_tax":"0.00","cart_tax":"119.70","total":"784.70","total_tax":"119.70","customer_id":0,"order_key":"wc_order_TzjhH0M2UXpTw","billing":{"first_name":"christian","last_name":"gutierrez","company":"","address_1":"97 jerusalem ave","address_2":"","city":"levittown","state":"NY","postcode":"11756","country":"US","email":"cg059106@gmail.com","phone":"5166440987"},"shipping":{"first_name":"","last_name":"","company":"","address_1":"","address_2":"","city":"","state":"","postcode":"","country":"","phone":""},"payment_method":"","payment_method_title":"","transaction_id":"","customer_ip_address":"47.16.105.58","customer_user_agent":"Mozilla\/5.0 (Windows NT 10.0; Win64; x64) AppleWebKit\/537.36 (KHTML, like Gecko) Chrome\/125.0.0.0 Safari\/537.36 Edg\/125.0.0.0","created_via":"checkout","customer_note":"","date_completed":null,"date_paid":"2024-06-23T16:39:59","cart_hash":"03b910d34c5ba947fd48331a07aa6884","number":"65","meta_data":[{"id":40459,"key":"pixad_auto_location_pick","value":""},{"id":40460,"key":"pixad_auto_location_drop","value":""},{"id":40461,"key":"pixba_auto_discount","value":""},{"id":40493,"key":"is_vat_exempt","value":"no"},{"id":40494,"key":"_order_number","value":"65"},{"id":40495,"key":"_awcdp_deposits_payment_schedule","value":{"deposit":{"id":21367,"title":"Dep\u00f3sito","type":"deposit","total":63.7000000000000028421709430404007434844970703125},"unlimited":{"id":21368,"title":"Pago por adelantado","type":"second_payment","total":514.5}}},{"id":40496,"key":"_awcdp_deposits_order_has_deposit","value":"yes"},{"id":40497,"key":"_awcdp_deposits_deposit_paid","value":"yes"},{"id":40498,"key":"_awcdp_deposits_second_payment_paid","value":"no"},{"id":40499,"key":"_awcdp_deposits_deposit_amount","value":"63.7"},{"id":40500,"key":"_awcdp_deposits_second_payment","value":"721"},{"id":40501,"key":"_awcdp_deposits_deposit_breakdown","value":{"cart_items":63.7000000000000028421709430404007434844970703125,"fees":0,"taxes":0,"shipping":"0","shipping_taxes":0,"discounts":0}},{"id":40502,"key":"_awcdp_deposits_deposit_payment_time","value":"1719160799"},{"id":40503,"key":"_awcdp_deposits_second_payment_reminder_email_sent","value":"no"},{"id":40504,"key":"_thwcfe_ship_to_billing","value":"1"},{"id":40505,"key":"_thwcfe_disabled_fields","value":"additional_oficinadom,additional_puertosmaritimo,additional_hotelresort"},{"id":40506,"key":"additional_puntodeentrega","value":"Aeropuerto"},{"id":40507,"key":"additional_aeropuertosdom","value":"Aeropuerto del Cibao (STI)"},{"id":40508,"key":"additional_aerolinea","value":"JetBlue"},{"id":40509,"key":"additional_nodevuelo","value":"B6 2137"},{"id":40510,"key":"additional_fecha_llegada","value":"17\/07\/2024"},{"id":40511,"key":"additional_hora_de_llegada","value":"09:30"},{"id":40606,"key":"_receipt_file_name","value":"7e861af69e758184b4208fc4718c00ddfbf98e"}],"line_items":[{"id":91,"name":"DETALLE DE LA RESERVACI\u00d3N","product_id":19229,"variation_id":0,"quantity":7,"tax_class":"","subtotal":"665.00","subtotal_tax":"119.70","total":"665.00","total_tax":"119.70","taxes":[{"id":1,"total":"119.7","subtotal":"119.7"}],"meta_data":[{"id":896,"key":"awcdp_deposit_meta","value":{"enable":true,"original_price":"50","tax_total":88.2000000000000028421709430404007434844970703125,"tax":0,"deposit":63.7000000000000028421709430404007434844970703125,"remaining":426.30000000000001136868377216160297393798828125,"total":490},"display_key":"awcdp_deposit_meta","display_value":{"enable":true,"original_price":"50","tax_total":88.2000000000000028421709430404007434844970703125,"tax":0,"deposit":63.7000000000000028421709430404007434844970703125,"remaining":426.30000000000001136868377216160297393798828125,"total":490}},{"id":897,"key":"<a href=\"https:\/\/www.dydrentacar.com\/autos\/jeep-grand-cherokee-2015\/\" class=\"booking-attr-cart\">Jeep Cherokee 2015<\/a>","value":"20770","display_key":"Jeep Cherokee 2015","display_value":"20770"},{"id":898,"key":"Start time","value":"17\/07\/2024","display_key":"Start time","display_value":"17\/07\/2024"},{"id":899,"key":"Finish time","value":"24\/07\/2024","display_key":"Finish time","display_value":"24\/07\/2024"},{"id":900,"key":"Cobertura Adicional","value":"Premium","display_key":"Cobertura Adicional","display_value":"Premium"},{"id":901,"key":"Cobertura Adicional","value":"Neum\u00e1ticos ","display_key":"Cobertura Adicional","display_value":"Neum\u00e1ticos"},{"id":902,"key":"Cobertura Adicional","value":"Cristal Delantero","display_key":"Cobertura Adicional","display_value":"Cristal Delantero"}],"sku":"","price":95,"image":{"id":"","src":""},"parent_name":null}],"tax_lines":[{"id":92,"rate_code":"DO-ITBIS-1","rate_id":1,"label":"ITBIS","compound":false,"tax_total":"119.70","shipping_tax_total":"0.00","rate_percent":18,"meta_data":[]}],"shipping_lines":[],"fee_lines":[],"coupon_lines":[],"refunds":[],"payment_url":"https:\/\/www.dydrentacar.com\/facturacion\/order-pay\/21368\/?pay_for_order=true&key=wc_order_fPmVMf21P8aX8&payment=second_payment","is_editable":false,"needs_payment":true,"needs_processing":true,"date_created_gmt":"2024-06-23T20:39:55","date_modified_gmt":"2024-06-23T20:39:59","date_completed_gmt":null,"date_paid_gmt":"2024-06-23T20:39:59","additional":{"additional_puntodeentrega":"Aeropuerto","additional_aeropuertosdom":"Aeropuerto del Cibao (STI)","additional_oficinadom":"","additional_puertosmaritimo":"","additional_hotelresort":"","additional_aerolinea":"JetBlue","additional_nodevuelo":"B6 2137","additional_fecha_llegada":"17\/07\/2024","additional_hora_de_llegada":"09:30"},"currency_symbol":"$","_links":{"self":[{"href":"https:\/\/www.dydrentacar.com\/wp-json\/wc\/v3\/orders\/21366"}],"collection":[{"href":"https:\/\/www.dydrentacar.com\/wp-json\/wc\/v3\/orders"}]}}]